id,name,model_id/id,group_id/id,perm_read,perm_write,perm_create,perm_unlink
access_pos_order_cashier,pos.order cashier,point_of_sale.model_pos_order,izi_res_permissions.group_cashier,1,1,1,1
access_pos_order_complement_cashier,pos.order.complement cashier,izi_pos_bundle_therapy.model_pos_order_complement,izi_res_permissions.group_cashier,1,1,1,1
access_account_bank_statement_line_cashier,account.bank.statement.line cashier,account.model_account_bank_statement_line,izi_res_permissions.group_cashier,1,1,1,1
access_pos_order_line_cashier,pos.order.line cashier,point_of_sale.model_pos_order_line,izi_res_permissions.group_cashier,1,1,1,1
access_pos_session_cashier,pos.session cashier,point_of_sale.model_pos_session,izi_res_permissions.group_cashier,1,1,1,1
access_pos_config_cashier,pos.config cashier,point_of_sale.model_pos_config,izi_res_permissions.group_cashier,1,1,0,0
access_pos_customer_deposit_cashier,pos.customer.deposit cashier,pos_customer_deposit.model_pos_customer_deposit,izi_res_permissions.group_cashier,1,1,1,0
access_account_bank_statement_cashier,account.bank.statement cashier,account.model_account_bank_statement,izi_res_permissions.group_cashier,1,1,1,1
access_pos_pack_operation_lot_cashier,pos.pack.operation.lot cashier,point_of_sale.model_pos_pack_operation_lot,izi_res_permissions.group_cashier,1,1,1,1
access_stock_production_lot_cashier,stock.production.lot cashier,stock.model_stock_production_lot,izi_res_permissions.group_cashier,1,1,0,0
access_izi_service_card_detail_cashier,izi.service.card.detail cashier,izi_product_release.model_izi_service_card_detail,izi_res_permissions.group_cashier,1,1,1,0
access_izi_product_release_cashier,izi.product.release cashier,izi_product_release.model_izi_product_release,izi_res_permissions.group_cashier,1,0,0,0
access_res_partner_cashier,res.partner cashier,mail.model_res_partner,izi_res_permissions.group_cashier,1,0,0,0
access_crm_vip_customer_revenue_cashier,crm.vip.customer.revenue cashier,izi_vip.model_crm_vip_customer_revenue,izi_res_permissions.group_cashier,1,1,1,1
access_pos_sum_digital_sign_cashier,pos.sum.digital.sign cashier,pos_digital_sign_sum.model_pos_sum_digital_sign,izi_res_permissions.group_cashier,1,1,1,1
access_crm_lead_cashier,crm.lead cashier,crm.model_crm_lead,izi_res_permissions.group_cashier,1,1,1,1
access_stock_picking_cashier,stock.picking cashier,stock.model_stock_picking,izi_res_permissions.group_cashier,1,1,1,1
access_stock_move_cashier,stock.move cashier,stock.model_stock_move,izi_res_permissions.group_cashier,1,1,1,0
access_pos_debit_good_cashier,pos.debit.good cashier,pos_digital_sign_sum.model_pos_debit_good,izi_res_permissions.group_cashier,1,1,1,0
access_pos_debit_good_line_cashier,pos.debit.good.line cashier,izi_pos_debt_goods.model_pos_debit_good_line,izi_res_permissions.group_cashier,1,1,1,1
access_izi_pos_exchange_service_cashier,izi.pos.exchange.service cashier,pos_digital_sign_sum.model_izi_pos_exchange_service,izi_res_permissions.group_cashier,1,1,1,1
access_pos_revenue_allocation_cashier,pos.revenue.allocation cashier,pos_revenue_allocation.model_pos_revenue_allocation,izi_res_permissions.group_cashier,1,1,1,1
access_pos_revenue_allocation_line_cashier,pos.revenue.allocation.line cashier,pos_revenue_allocation.model_pos_revenue_allocation_line,izi_res_permissions.group_cashier,1,1,1,1
access_pos_customer_deposit_line_cashier,pos.customer.deposit.line cashier,pos_customer_deposit.model_pos_customer_deposit_line,izi_res_permissions.group_cashier,1,1,1,1
access_izi_service_card_using_cashier,izi.service.card.using cashier,pos_work_service_allocation.model_izi_service_card_using,izi_res_permissions.group_cashier,1,1,1,1
access_izi_service_card_using_line_cashier,izi.service.card.using.line cashier,izi_manage_room.model_izi_service_card_using_line,izi_res_permissions.group_cashier,1,1,1,1
access_pos_user_material_cashier,pos.user.material cashier,izi_use_service_card.model_pos_user_material,izi_res_permissions.group_cashier,1,1,1,1
access_izi_images_cashier,izi.images cashier,izi_use_service_card.model_izi_images,izi_res_permissions.group_cashier,1,1,1,1
access_pos_payment_service_cashier,pos.payment.service cashier,pos_payment_multi_currency.model_pos_payment_service,izi_res_permissions.group_cashier,1,1,1,1
access_pos_work_service_allocation_line_cashier,pos.work.service.allocation.line cashier,pos_work_service_allocation.model_pos_work_service_allocation_line,izi_res_permissions.group_cashier,1,0,0,0
access_tmp_service_card_using_cashier,tmp.service.card.using cashier,izi_use_service_card.model_tmp_service_card_using,izi_res_permissions.group_cashier,1,1,1,1
access_service_bom_cashier,service.bom cashier,izi_use_service_card.model_service_bom,izi_res_permissions.group_cashier,1,0,0,0
access_service_bom_line_cashier,service.bom.line cashier,izi_use_service_card.model_service_bom_line,izi_res_permissions.group_cashier,1,0,0,0
access_pos_virtual_money_cashier,pos.virtual.money cashier,izi_virtual_money.model_pos_virtual_money,izi_res_permissions.group_cashier,1,1,1,1
access_pos_virtual_money_history_cashier,pos.virtual.money.history cashier,izi_virtual_money.model_pos_virtual_money_history,izi_res_permissions.group_cashier,1,1,1,1
access_account_move_cashier,account.move cashier,account.model_account_move,izi_res_permissions.group_cashier,1,1,1,1
access_account_move_line_cashier,account.move.line cashier,account.model_account_move_line,izi_res_permissions.group_cashier,1,1,1,1
access_account_account_type_cashier,account.account.type cashier,account.model_account_account_type,izi_res_permissions.group_cashier,1,0,0,0
access_account_analytic_line_cashier,account.analytic.line cashier,analytic.model_account_analytic_line,izi_res_permissions.group_cashier,1,0,0,0
access_account_invoice_cashier,account.invoice cashier,account.model_account_invoice,izi_res_permissions.group_cashier,1,1,1,1
access_account_invoice_line_cashier,account.invoice.line cashier,account.model_account_invoice_line,izi_res_permissions.group_cashier,1,1,1,1
access_account_payment_cashier,account.payment cashier,account.model_account_payment,izi_res_permissions.group_cashier,1,1,1,1
access_account_partial_reconcile_cashier,account.partial.reconcile cashier,account.model_account_partial_reconcile,izi_res_permissions.group_cashier,1,1,1,1
access_izi_current_exchange_service_cashier,izi.current.exchange.service cashier,izi_pos_exchange_service.model_izi_current_exchange_service,izi_res_permissions.group_cashier,1,1,1,1
access_izi_new_exchange_service_cashier,izi.new.exchange.service cashier,izi_pos_exchange_service.model_izi_new_exchange_service,izi_res_permissions.group_cashier,1,1,1,1
access_account_invoice_tax_cashier,account.invoice.tax cashier,account.model_account_invoice_tax,izi_res_permissions.group_cashier,1,1,1,1
access_account_full_reconcile_cashier,account.full.reconcile cashier,account.model_account_full_reconcile,izi_res_permissions.group_cashier,1,1,1,1
access_pos_destroy_service_cashier,pos.destroy.service cashier,pos_digital_sign_sum.model_pos_destroy_service,izi_res_permissions.group_cashier,1,1,1,1
access_pos_destroy_service_line_cashier,pos.destroy.service.line cashier,pos_destroy_service.model_pos_destroy_service_line,izi_res_permissions.group_cashier,1,1,1,1
access_pos_destroy_service_line_detail_cashier,pos.destroy.service.line.detail cashier,pos_destroy_service.model_pos_destroy_service_line_detail,izi_res_permissions.group_cashier,1,1,1,1
access_pos_payment_destroy_service_cashier,pos.payment.destroy.service cashier,pos_destroy_service.model_pos_payment_destroy_service,izi_res_permissions.group_cashier,1,1,1,1
access_pos_service_room_cashier,pos.service.room cashier,izi_manage_room.model_pos_service_room,izi_res_permissions.group_cashier,1,0,0,0
access_pos_service_bed_cashier,pos.service.bed cashier,izi_manage_room.model_pos_service_bed,izi_res_permissions.group_cashier,1,0,0,0
access_product_delivery_line_cashier,product.delivery.line cashier,izi_product_in_out.model_product_delivery_line,izi_res_permissions.group_cashier,1,0,0,0
access_pos_change_payment_cashier,pos.change.payment cashier,izi_pos_change_payment.model_pos_change_payment,izi_res_permissions.group_cashier,1,1,1,1
access_account_cash_cashier,account.cash cashier,cash_management.model_account_cash,izi_res_permissions.group_cashier,1,1,1,1
access_account_cash_line_cashier,account.cash.line cashier,cash_management.model_account_cash_line,izi_res_permissions.group_cashier,1,1,1,1
access_hr_job_cashier,hr.job cashier,hr.model_hr_job,izi_res_permissions.group_cashier,1,1,0,0
access_pos_money_cashier,pos.money cashier,izi_pos_money.model_pos_money,izi_res_permissions.group_cashier,1,1,1,1
access_pos_money_line_cashier,pos.money.line cashier,izi_pos_money.model_pos_money_line,izi_res_permissions.group_cashier,1,1,1,1
access_res_brand_cashier,res.brand cashier,izi_brand.model_res_brand,izi_res_permissions.group_cashier,1,0,0,0
access_izi_using_stock_move_line_cashier,izi.using.stock.move.line cashier,izi_use_service_card.model_izi_using_stock_move_line,izi_res_permissions.group_cashier,1,1,1,1
access_partner_interaction_cashier,partner.interaction cashier,izi_crm_interaction.model_partner_interaction,izi_res_permissions.group_cashier,1,0,0,0
access_product_service_remind_cashier,product.service.remind cashier,izi_crm_interaction.model_product_service_remind,izi_res_permissions.group_cashier,1,0,0,0
access_body_area_cashier,body.area cashier,izi_therapy_record.model_body_area,izi_res_permissions.group_cashier,1,1,1,1
access_therapy_bundle_cashier,therapy.bundle cashier,izi_pos_bundle_therapy.model_therapy_bundle,izi_res_permissions.group_cashier,1,1,1,1
access_therapy_bundle_line_cashier,therapy.bundle.line cashier,izi_pos_bundle_therapy.model_therapy_bundle_line,izi_res_permissions.group_cashier,1,1,1,1
access_therapy_record_product_cashier,therapy.record.product cashier,izi_therapy_record.model_therapy_record_product,izi_res_permissions.group_cashier,1,1,1,1
access_therapy_record_cashier,therapy.record cashier,izi_therapy_record.model_therapy_record,izi_res_permissions.group_cashier,1,1,1,1
access_therapy_body_measure_cashier,therapy.body.measure cashier,izi_therapy_record.model_therapy_body_measure,izi_res_permissions.group_cashier,1,1,1,1
access_therapy_prescription_cashier,therapy.prescription cashier,izi_therapy_record.model_therapy_prescription,izi_res_permissions.group_cashier,1,1,1,1
access_therapy_prescription_line_cashier,therapy.prescription.line cashier,izi_therapy_record.model_therapy_prescription_line,izi_res_permissions.group_cashier,1,1,1,1
access_resource_resource_cashier,resource.resource cashier,resource.model_resource_resource,izi_res_permissions.group_cashier,1,1,1,1
access_therapy_bundle_barem_line_cashier,therapy.bundle.barem.component cashier,izi_pos_bundle_therapy.model_therapy_bundle_barem_component,izi_res_permissions.group_cashier,1,1,1,1
access_therapy_bundle_barem_cashier,therapy.bundle.barem cashier,izi_pos_bundle_therapy.model_therapy_bundle_barem,izi_res_permissions.group_cashier,1,1,1,1

access_crm_lead_consultant,crm.lead consultant,crm.model_crm_lead,izi_res_permissions.group_consultant,1,1,1,1
access_izi_crm_lead_quotes_consultant,izi.crm.lead.quotes consultant,izi_crm_lead.model_izi_crm_lead_quotes,izi_res_permissions.group_consultant,1,1,1,1
access_pos_order_consultant,pos.order consultant,point_of_sale.model_pos_order,izi_res_permissions.group_consultant,1,1,1,1
access_pos_order_complement_consultant,pos.order.complement consultant,izi_pos_bundle_therapy.model_pos_order_complement,izi_res_permissions.group_consultant,1,1,1,1
access_res_partner_consultant,res.partner consultant,mail.model_res_partner,izi_res_permissions.group_consultant,1,1,1,1
access_pos_order_line_consultant,pos.order.line consultant,point_of_sale.model_pos_order_line,izi_res_permissions.group_consultant,1,1,1,1
access_pos_revenue_allocation_consultant,pos.revenue.allocation consultant,pos_revenue_allocation.model_pos_revenue_allocation,izi_res_permissions.group_consultant,1,0,1,0
access_pos_revenue_allocation_line_consultant,pos.revenue.allocation.line consultant,pos_revenue_allocation.model_pos_revenue_allocation_line,izi_res_permissions.group_consultant,1,1,1,1
access_pos_session_consultant,pos.session consultant,point_of_sale.model_pos_session,izi_res_permissions.group_consultant,1,0,0,0
access_pos_config_consultant,pos.config consultant,point_of_sale.model_pos_config,izi_res_permissions.group_consultant,1,0,0,0
access_stock_production_lot_consultant,stock.production.lot consultant,stock.model_stock_production_lot,izi_res_permissions.group_consultant,1,1,0,0
access_pos_pack_operation_lot_consultant,pos.pack.operation.lot consultant,point_of_sale.model_pos_pack_operation_lot,izi_res_permissions.group_consultant,1,1,1,1
access_pos_customer_deposit_line_consultant,pos.customer.deposit.line consultant,pos_customer_deposit.model_pos_customer_deposit_line,izi_res_permissions.group_consultant,1,1,1,1
access_pos_customer_deposit_consultant,pos.customer.deposit consultant,pos_customer_deposit.model_pos_customer_deposit,izi_res_permissions.group_consultant,1,1,1,1
access_account_bank_statement_line_consultant,account.bank.statement.line consultant,account.model_account_bank_statement_line,izi_res_permissions.group_consultant,1,1,1,1
access_izi_service_card_using_consultant,izi.service.card.using consultant,izi_use_service_card.model_izi_service_card_using,izi_res_permissions.group_consultant,1,1,1,1
access_izi_service_card_using_line_consultant,izi.service.card.using.line consultant,izi_manage_room.model_izi_service_card_using_line,izi_res_permissions.group_consultant,1,1,1,1
access_pos_service_room_consultant,pos.service.room consultant,izi_manage_room.model_pos_service_room,izi_res_permissions.group_consultant,1,0,0,0
access_pos_service_bed_consultant,pos.service.bed consultant,izi_manage_room.model_pos_service_bed,izi_res_permissions.group_consultant,1,0,0,0
access_pos_user_material_consultant,pos.user.material consultant,izi_use_service_card.model_pos_user_material,izi_res_permissions.group_consultant,1,1,1,1
access_izi_images_consultant,izi.images consultant,izi_use_service_card.model_izi_images,izi_res_permissions.group_consultant,1,1,1,1
access_pos_payment_service_consultant,pos.payment.service consultant,pos_payment_multi_currency.model_pos_payment_service,izi_res_permissions.group_consultant,1,1,1,1
access_pos_work_service_allocation_line_consultant,pos.work.service.allocation.line consultant,pos_work_service_allocation.model_pos_work_service_allocation_line,izi_res_permissions.group_consultant,1,1,1,0
access_product_delivery_line_consultant,product.delivery.line consultant,izi_product_in_out.model_product_delivery_line,izi_res_permissions.group_consultant,1,0,0,0
access_stock_move_consultant,stock.move consultant,stock.model_stock_move,izi_res_permissions.group_consultant,1,1,1,0
access_res_brand_consultant,res.brand consultant,izi_brand.model_res_brand,izi_res_permissions.group_consultant,1,0,0,0
access_account_invoice_consultant,account.invoice consultant,account.model_account_invoice,izi_res_permissions.group_consultant,1,1,1,1
access_account_bank_statement_consultant,account.bank.statement consultant,account.model_account_bank_statement,izi_res_permissions.group_consultant,1,1,0,0
access_crm_vip_customer_revenue_consultant,crm.vip.customer.revenue consultant,izi_vip.model_crm_vip_customer_revenue,izi_res_permissions.group_consultant,1,1,1,0
access_pos_sum_digital_sign_consultant,pos.sum.digital.sign consultant,pos_digital_sign_sum.model_pos_sum_digital_sign,izi_res_permissions.group_consultant,1,1,1,1
access_stock_picking_consultant,stock.picking consultant,stock.model_stock_picking,izi_res_permissions.group_consultant,1,1,1,1
access_pos_debit_good_consultant,pos.debit.good consultant,pos_digital_sign_sum.model_pos_debit_good,izi_res_permissions.group_consultant,1,1,1,0
access_pos_debit_good_line_consultant,pos.debit.good.line consultant,izi_pos_debt_goods.model_pos_debit_good_line,izi_res_permissions.group_consultant,1,1,1,1
access_tmp_service_card_using_consultant,tmp.service.card.using consultant,izi_use_service_card.model_tmp_service_card_using,izi_res_permissions.group_consultant,1,1,1,1
access_service_bom_consultant,service.bom consultant,izi_use_service_card.model_service_bom,izi_res_permissions.group_consultant,1,0,0,0
access_account_invoice_tax_consultant,account.invoice.tax consultant,account.model_account_invoice_tax,izi_res_permissions.group_consultant,1,1,1,1
access_account_move_consultant,account.move consultant,account.model_account_move,izi_res_permissions.group_consultant,1,1,1,1
access_account_move_line_consultant,account.move.line consultant,account.model_account_move_line,izi_res_permissions.group_consultant,1,1,1,1
access_account_partial_reconcile_consultant,account.partial.reconcile consultant,account.model_account_partial_reconcile,izi_res_permissions.group_consultant,1,1,1,1
access_account_account_type_consultant,account.account.type consultant,account.model_account_account_type,izi_res_permissions.group_consultant,1,0,0,0
access_account_analytic_line_consultant,account.analytic.line consultant,analytic.model_account_analytic_line,izi_res_permissions.group_consultant,1,0,0,0
access_account_payment_consultant,account.payment consultant,account.model_account_payment,izi_res_permissions.group_consultant,1,1,1,1
access_account_full_reconcile_consultant,account.full.reconcile consultant,account.model_account_full_reconcile,izi_res_permissions.group_consultant,1,1,1,1
access_izi_pos_exchange_service_consultant,izi.pos.exchange.service consultant,pos_digital_sign_sum.model_izi_pos_exchange_service,izi_res_permissions.group_consultant,1,1,0,0
access_pos_virtual_money_consultant,pos.virtual.money consultant,izi_virtual_money.model_pos_virtual_money,izi_res_permissions.group_consultant,1,1,1,1
access_pos_virtual_money_history_consultant,pos.virtual.money.history consultant,izi_virtual_money.model_pos_virtual_money_history,izi_res_permissions.group_consultant,1,1,1,1
access_service_bom_line_consultant,service.bom.line consultant,izi_use_service_card.model_service_bom_line,izi_res_permissions.group_consultant,1,0,0,0
access_izi_using_stock_move_line_consultant,izi.using.stock.move.line consultant,izi_use_service_card.model_izi_using_stock_move_line,izi_res_permissions.group_consultant,1,1,1,1
access_pos_change_payment_consultant,pos.change.payment consultant,izi_pos_change_payment.model_pos_change_payment,izi_res_permissions.group_consultant,1,0,0,0
access_tmp_service_card_using_line_consultant,tmp.service.card_using.line consultant,izi_use_service_card.model_tmp_service_card_using_line,izi_res_permissions.group_consultant,1,1,1,1
access_pos_destroy_service_consultant,pos.destroy.service consultant,pos_digital_sign_sum.model_pos_destroy_service,izi_res_permissions.group_consultant,1,0,0,0
access_izi_product_release_consultant,izi.product.release consultant,izi_product_release.model_izi_product_release,izi_res_permissions.group_consultant,1,0,0,0
access_izi_service_card_detail_consultant,izi.service.card.detail consultant,izi_product_release.model_izi_service_card_detail,izi_res_permissions.group_consultant,1,1,1,1
access_hr_job_consultant,hr.job consultant,hr.model_hr_job,izi_res_permissions.group_consultant,1,1,0,0
access_partner_interaction_consultant,partner.interaction consultant,izi_crm_interaction.model_partner_interaction,izi_res_permissions.group_consultant,1,0,0,0
access_product_service_remind_consultant,product.service.remind consultant,izi_crm_interaction.model_product_service_remind,izi_res_permissions.group_consultant,1,0,0,0
access_partner_interaction_consultant,partner.interaction consultant,izi_crm_interaction.model_partner_interaction,izi_res_permissions.group_consultant,1,1,1,1
access_product_service_remind_consultant,product.service.remind consultant,izi_crm_interaction.model_product_service_remind,izi_res_permissions.group_consultant,1,0,0,0

access_therapy_record_consultant,therapy.record consultant,izi_therapy_record.model_therapy_record,izi_res_permissions.group_consultant,1,1,1,1
access_body_area_consultant,body.area consultant,izi_therapy_record.model_body_area,izi_res_permissions.group_consultant,1,1,1,1
access_therapy_body_measure_consultant,therapy.body.measure consultant,izi_therapy_record.model_therapy_body_measure,izi_res_permissions.group_consultant,1,1,1,1
access_therapy_prescription_consultant,therapy.prescription consultant,izi_therapy_record.model_therapy_prescription,izi_res_permissions.group_consultant,1,1,1,1
access_therapy_prescription_line_consultant,therapy.prescription.line consultant,izi_therapy_record.model_therapy_prescription_line,izi_res_permissions.group_consultant,1,1,1,1
access_therapy_record_product_consultant,therapy.record.product consultant,izi_therapy_record.model_therapy_record_product,izi_res_permissions.group_consultant,1,1,1,1
access_therapy_record_consultant,therapy.record consultant,izi_therapy_record.model_therapy_record,izi_res_permissions.group_consultant,1,1,1,1
access_therapy_bundle_consultant,therapy.bundle consultant,izi_pos_bundle_therapy.model_therapy_bundle,izi_res_permissions.group_consultant,1,1,0,0
access_therapy_bundle_line_consultant,therapy.bundle.line consultant,izi_pos_bundle_therapy.model_therapy_bundle_line,izi_res_permissions.group_consultant,1,1,0,0
access_resource_resource_consultant,resource.resource consultant,resource.model_resource_resource,izi_res_permissions.group_consultant,1,1,1,1
access_therapy_bundle_barem_line_consultant,therapy.bundle.barem.component consultant,izi_pos_bundle_therapy.model_therapy_bundle_barem_component,izi_res_permissions.group_consultant,1,1,1,1
access_therapy_bundle_barem_consultant,therapy.bundle.barem consultant,izi_pos_bundle_therapy.model_therapy_bundle_barem,izi_res_permissions.group_consultant,1,1,1,1
access_level_age_consultant,level.age consultant,res_partner_custom.model_level_age,izi_res_permissions.group_consultant,1,1,1,1
access_pos_session_consultant,pos.session consultant,point_of_sale.model_pos_session,izi_res_permissions.group_consultant,1,1,0,0
access_crm_lead_consultant,crm.lead consultant,crm.model_crm_lead,izi_res_permissions.group_consultant,1,1,1,1
access_izi_crm_lead_quotes_consultant,izi.crm.lead.quotes consultant,izi_crm_lead.model_izi_crm_lead_quotes,izi_res_permissions.group_consultant,1,1,1,1
access_crm_stage_consultant,crm.stage consultant,crm.model_crm_stage,izi_res_permissions.group_consultant,1,1,1,1
access_service_booking_consultant,service.booking consultant,izi_crm_booking.model_service_booking,izi_res_permissions.group_consultant,1,1,1,1
access_res_partner_consultant,res.partner consultant,mail.model_res_partner,izi_res_permissions.group_consultant,1,1,1,1
access_crm_claim_consultant,crm.claim consultant,izi_crm_claim.model_crm_claim,izi_res_permissions.group_consultant,1,1,1,1
access_crm_claim_type_consultant,crm.claim.type consultant,izi_crm_claim.model_crm_claim_type,izi_res_permissions.group_consultant,1,1,1,1
access_partner_interaction_consultant,partner.interaction consultant,izi_crm_interaction.model_partner_interaction,izi_res_permissions.group_consultant,1,1,1,1
access_activity_history_consultant,activity.history consultant,izi_crm_interaction.model_activity_history,izi_res_permissions.group_consultant,1,1,1,1
access_therapy_record_consultant,therapy.record consultant,izi_therapy_record.model_therapy_record,izi_res_permissions.group_consultant,1,1,1,1
access_therapy_body_measure_consultant,therapy.body.measure consultant,izi_therapy_record.model_therapy_body_measure,izi_res_permissions.group_consultant,1,1,1,1
access_therapy_prescription_consultant,therapy.prescription consultant,izi_therapy_record.model_therapy_prescription,izi_res_permissions.group_consultant,1,1,1,1
access_therapy_bundle_consultant,therapy.bundle consultant,izi_pos_bundle_therapy.model_therapy_bundle,izi_res_permissions.group_consultant,1,1,1,1
access_therapy_record_product_consultant,therapy.record.product consultant,izi_therapy_record.model_therapy_record_product,izi_res_permissions.group_consultant,1,1,1,1
access_pos_session_consultant,pos.session consultant,point_of_sale.model_pos_session,izi_res_permissions.group_consultant,1,0,0,0
access_product_category_remind_consultant,product.category.remind consultant,izi_crm_interaction.model_product_category_remind,izi_res_permissions.group_consultant,1,1,1,1
access_therapy_prescription_return_product_line_consultant,therapy.prescription.return.product.line consultant,izi_therapy_record.model_therapy_prescription_return_product_line,izi_res_permissions.group_consultant,1,1,1,1
access_therapy_prescription_return_product_consultant,therapy.prescription.return.product consultant,izi_therapy_record.model_therapy_prescription_return_product,izi_res_permissions.group_consultant,1,1,1,1
access_therapy_bundle_barem_option_consultant,therapy.bundle.barem.option consultant,izi_pos_bundle_therapy.model_therapy_bundle_barem_option,izi_res_permissions.group_consultant,1,1,1,1


,,,,,,,
access_pos_user_material_inventory_accounting,pos.user.material inventory_accounting,izi_use_service_card.model_pos_user_material,izi_res_permissions.group_inventory_accounting,1,1,1,1
access_stock_picking_inventory_accounting,stock.picking inventory_accounting,stock.model_stock_picking,izi_res_permissions.group_inventory_accounting,1,1,1,1
access_stock_move_inventory_accounting,stock.move inventory_accounting,stock.model_stock_move,izi_res_permissions.group_inventory_accounting,1,1,0,0
access_pos_debit_good_inventory_accounting,pos.debit.good inventory_accounting,pos_digital_sign_sum.model_pos_debit_good,izi_res_permissions.group_inventory_accounting,1,0,0,0
access_izi_product_release_inventory_accounting,izi.product.release inventory_accounting,izi_product_release.model_izi_product_release,izi_res_permissions.group_inventory_accounting,1,0,0,0
access_product_delivery_line_inventory_accounting,product.delivery.line inventory_accounting,izi_product_in_out.model_product_delivery_line,izi_res_permissions.group_inventory_accounting,1,0,0,0
access_izi_service_card_using_inventory_accounting,izi.service.card.using inventory_accounting,pos_work_service_allocation.model_izi_service_card_using,izi_res_permissions.group_inventory_accounting,1,1,0,0
access_pos_session_inventory_accounting,pos.session inventory_accounting,point_of_sale.model_pos_session,izi_res_permissions.group_inventory_accounting,1,0,0,0
access_pos_config_inventory_accounting,pos.config inventory_accounting,point_of_sale.model_pos_config,izi_res_permissions.group_inventory_accounting,1,0,0,0
access_pos_sum_digital_sign_inventory_accounting,pos.sum.digital.sign inventory_accounting,pos_digital_sign_sum.model_pos_sum_digital_sign,izi_res_permissions.group_inventory_accounting,1,0,0,0
access_izi_service_card_using_line_inventory_accounting,izi.service.card.using.line inventory_accounting,izi_manage_room.model_izi_service_card_using_line,izi_res_permissions.group_inventory_accounting,1,1,0,0
access_account_move_line_inventory_accounting,account.move.line inventory_accounting,account.model_account_move_line,izi_res_permissions.group_inventory_accounting,1,0,0,0
access_therapy_prescription_inventory_accounting,therapy.prescription inventory_accounting,izi_therapy_record.model_therapy_prescription,izi_res_permissions.group_inventory_accounting,1,1,1,1
access_therapy_prescription_line_inventory_accounting,therapy.prescription.line inventory_accounting,izi_therapy_record.model_therapy_prescription_line,izi_res_permissions.group_inventory_accounting,1,1,1,1
access_therapy_record_product_inventory_accounting,therapy.record.product inventory_accounting,izi_therapy_record.model_therapy_record_product,izi_res_permissions.group_inventory_accounting,1,1,1,1
access_therapy_record_inventory_accounting,therapy.record inventory_accounting,izi_therapy_record.model_therapy_record,izi_res_permissions.group_inventory_accounting,1,1,1,1
access_therapy_bundle_inventory_accounting,therapy.bundle inventory_accounting,izi_pos_bundle_therapy.model_therapy_bundle,izi_res_permissions.group_inventory_accounting,1,1,0,0
access_therapy_bundle_line_inventory_accounting,therapy.bundle.line inventory_accounting,izi_pos_bundle_therapy.model_therapy_bundle_line,izi_res_permissions.group_inventory_accounting,1,1,0,0
access_activity_history_inventory_accounting,activity.history inventory_accounting,izi_crm_interaction.model_activity_history,izi_res_permissions.group_inventory_accounting,1,1,1,1
access_partner_interaction_inventory_accounting,partner.interaction inventory_accounting,izi_crm_interaction.model_partner_interaction,izi_res_permissions.group_inventory_accounting,1,1,1,1

access_crm_lead_receptionist,crm.lead receptionist,crm.model_crm_lead,izi_res_permissions.group_receptionist,1,1,1,1
access_pos_config_receptionist,pos.config receptionist,point_of_sale.model_pos_config,izi_res_permissions.group_receptionist,1,1,0,0
access_izi_crm_lead_quotes_receptionist,izi.crm.lead.quotes receptionist,izi_crm_lead.model_izi_crm_lead_quotes,izi_res_permissions.group_receptionist,1,1,1,1
access_crm_stage_receptionist,crm.stage receptionist,crm.model_crm_stage,izi_res_permissions.group_receptionist,1,1,1,1
access_pos_order_receptionist,pos.order receptionist,point_of_sale.model_pos_order,izi_res_permissions.group_receptionist,1,1,1,1
access_pos_order_complement_receptionist,pos.order.complement receptionist,izi_pos_bundle_therapy.model_pos_order_complement,izi_res_permissions.group_receptionist,1,1,1,1
access_pos_session_receptionist,pos.session receptionist,point_of_sale.model_pos_session,izi_res_permissions.group_receptionist,1,1,1,1
access_izi_service_card_using_receptionist,izi.service.card.using receptionist,pos_work_service_allocation.model_izi_service_card_using,izi_res_permissions.group_receptionist,1,1,1,1
access_izi_service_card_using_line_receptionist,izi.service.card.using.line receptionist ,izi_manage_room.model_izi_service_card_using_line,izi_res_permissions.group_receptionist,1,1,1,1
access_pos_user_material_receptionist,pos.user.material receptionist,izi_use_service_card.model_pos_user_material,izi_res_permissions.group_receptionist,1,1,1,1
access_izi_images_receptionist,izi.images receptionist,izi_use_service_card.model_izi_images,izi_res_permissions.group_receptionist,1,1,1,1
access_pos_payment_service_receptionist,pos.payment.service receptionist,pos_payment_multi_currency.model_pos_payment_service,izi_res_permissions.group_receptionist,1,0,0,0
access_pos_work_service_allocation_line_receptionist,pos.work.service.allocation.line receptionist,pos_work_service_allocation.model_pos_work_service_allocation_line,izi_res_permissions.group_receptionist,1,1,1,1
access_stock_production_lot_receptionist,stock.production.lot receptionist,stock.model_stock_production_lot,izi_res_permissions.group_receptionist,1,1,0,0
access_izi_product_release_receptionist,izi.product.release receptionist,izi_product_release.model_izi_product_release,izi_res_permissions.group_receptionist,1,0,0,0
access_izi_service_card_detail_receptionist,izi.service.card.detail receptionist,izi_product_release.model_izi_service_card_detail,izi_res_permissions.group_receptionist,1,1,1,1
access_pos_service_room_receptionist,pos.service.room receptionist,izi_manage_room.model_pos_service_room,izi_res_permissions.group_receptionist,1,0,0,0
access_pos_service_bed_receptionist,pos.service.bed receptionist,izi_manage_room.model_pos_service_bed,izi_res_permissions.group_receptionist,1,1,0,0
access_tmp_service_card_using_receptionist,tmp.service.card.using receptionist,izi_use_service_card.model_tmp_service_card_using,izi_res_permissions.group_receptionist,1,0,0,0
access_service_bom_receptionist,service.bom receptionist,izi_use_service_card.model_service_bom,izi_res_permissions.group_receptionist,1,0,0,0
access_pos_work_service_allocation_receptionist,pos.work.service.allocation receptionist,pos_work_service_allocation.model_pos_work_service_allocation,izi_res_permissions.group_receptionist,1,1,1,1
access_account_invoice_receptionist,account.invoice receptionist,account.model_account_invoice,izi_res_permissions.group_receptionist,1,1,1,0
access_account_invoice_line_receptionist,account.invoice.line receptionist,account.model_account_invoice_line,izi_res_permissions.group_receptionist,1,1,1,1
access_account_payment_receptionist,account.payment receptionist,account.model_account_payment,izi_res_permissions.group_receptionist,1,1,1,0
access_account_bank_statement_receptionist,account.bank.statement receptionist,account.model_account_bank_statement,izi_res_permissions.group_receptionist,1,1,1,1
access_account_bank_statement_line_receptionist,account.bank.statement.line receptionist,account.model_account_bank_statement_line,izi_res_permissions.group_receptionist,1,1,1,1
access_pos_sum_digital_sign_receptionist,pos.sum.digital.sign receptionist,pos_digital_sign_sum.model_pos_sum_digital_sign,izi_res_permissions.group_receptionist,1,1,1,1
access_account_move_receptionist,account.move receptionist,account.model_account_move,izi_res_permissions.group_receptionist,1,1,1,1
access_account_move_line_receptionist,account.move.line receptionist,account.model_account_move_line,izi_res_permissions.group_receptionist,1,1,1,1
access_account_partial_reconcile_receptionist,account.partial.reconcile receptionist,account.model_account_partial_reconcile,izi_res_permissions.group_receptionist,1,1,1,1
access_account_account_type_receptionist,account.account.type receptionist,account.model_account_account_type,izi_res_permissions.group_receptionist,1,0,0,0
access_account_analytic_line_receptionist,account.analytic.line receptionist,analytic.model_account_analytic_line,izi_res_permissions.group_receptionist,1,0,0,0
access_crm_vip_customer_revenue_receptionist,crm.vip.customer.revenue receptionist,izi_vip.model_crm_vip_customer_revenue,izi_res_permissions.group_receptionist,1,1,1,1
access_res_partner_receptionist,res.partner receptionist,mail.model_res_partner,izi_res_permissions.group_receptionist,1,1,1,1
access_pos_revenue_allocation_receptionist,pos.revenue.allocation receptionist,pos_revenue_allocation.model_pos_revenue_allocation,izi_res_permissions.group_receptionist,1,1,1,1
access_pos_revenue_allocation_line_receptionist,pos.revenue.allocation.line receptionist,pos_revenue_allocation.model_pos_revenue_allocation_line,izi_res_permissions.group_receptionist,1,1,1,1
access_pos_order_line_receptionist,pos.order.line receptionist,point_of_sale.model_pos_order_line,izi_res_permissions.group_receptionist,1,1,1,0
access_izi_pos_exchange_service_receptionist,izi.pos.exchange.service receptionist,pos_digital_sign_sum.model_izi_pos_exchange_service,izi_res_permissions.group_receptionist,1,1,1,1
access_izi_current_exchange_service_receptionist,izi.current.exchange.service receptionist,izi_pos_exchange_service.model_izi_current_exchange_service,izi_res_permissions.group_receptionist,1,1,1,1
access_izi_new_exchange_service_receptionist_,izi.new.exchange.service receptionist ,izi_pos_exchange_service.model_izi_new_exchange_service,izi_res_permissions.group_receptionist,1,1,1,1
access_account_invoice_tax_receptionist,account.invoice.tax receptionist,account.model_account_invoice_tax,izi_res_permissions.group_receptionist,1,1,1,1
access_account_full_reconcile_receptionist,account.full.reconcile receptionist,account.model_account_full_reconcile,izi_res_permissions.group_receptionist,1,1,1,1
access_pos_destroy_service_receptionist,pos.destroy.service receptionist,pos_digital_sign_sum.model_pos_destroy_service,izi_res_permissions.group_receptionist,1,1,1,1
access_pos_destroy_service_line_receptionist,pos.destroy.service.line receptionist,pos_destroy_service.model_pos_destroy_service_line,izi_res_permissions.group_receptionist,1,1,1,1
access_pos_destroy_service_line_detail_receptionist,pos.destroy.service.line.detail receptionist,pos_destroy_service.model_pos_destroy_service_line_detail,izi_res_permissions.group_receptionist,1,1,1,1
access_pos_payment_destroy_service_receptionist,pos.payment.destroy.service receptionist,pos_destroy_service.model_pos_payment_destroy_service,izi_res_permissions.group_receptionist,1,1,1,1
access_stock_picking_receptionist,stock.picking receptionist,stock.model_stock_picking,izi_res_permissions.group_receptionist,1,1,1,1
access_pos_customer_deposit_line_receptionist,pos.customer.deposit.line receptionist,pos_customer_deposit.model_pos_customer_deposit_line,izi_res_permissions.group_receptionist,1,1,1,1
access_pos_customer_deposit_receptionist,pos.customer.deposit receptionist,pos_customer_deposit.model_pos_customer_deposit,izi_res_permissions.group_receptionist,1,1,1,0
access_pos_debit_good_receptionist,pos.debit.good receptionist,pos_digital_sign_sum.model_pos_debit_good,izi_res_permissions.group_receptionist,1,1,0,0
access_stock_move_receptionist,stock.move receptionist,stock.model_stock_move,izi_res_permissions.group_receptionist,1,1,1,1
access_product_delivery_line_receptionist,product.delivery.line receptionist,izi_product_in_out.model_product_delivery_line,izi_res_permissions.group_receptionist,1,0,0,0
access_pos_debit_good_line_receptionist,pos.debit.good.line receptionist,izi_pos_debt_goods.model_pos_debit_good_line,izi_res_permissions.group_receptionist,1,1,1,1
access_pos_pack_operation_lot_receptionist,pos.pack.operation.lot receptionist,point_of_sale.model_pos_pack_operation_lot,izi_res_permissions.group_receptionist,1,1,1,1
access_res_brand_receptionist,res.brand receptionist,izi_brand.model_res_brand,izi_res_permissions.group_receptionist,1,0,0,0
access_service_bom_line_receptionist,service.bom.line receptionist,izi_use_service_card.model_service_bom_line,izi_res_permissions.group_receptionist,1,0,0,0
access_izi_using_stock_move_line_receptionist,izi.using.stock.move.line receptionist,izi_use_service_card.model_izi_using_stock_move_line,izi_res_permissions.group_receptionist,1,1,1,1
access_pos_change_payment_receptionist,pos.change.payment receptionist,izi_pos_change_payment.model_pos_change_payment,izi_res_permissions.group_receptionist,1,0,0,0
access_hr_job_receptionist,hr.job receptionist,hr.model_hr_job,izi_res_permissions.group_receptionist,1,1,0,0
access_stock_warehouse_orderpoint_receptionist,stock.warehouse.orderpoint receptionist,purchase.model_stock_warehouse_orderpoint,izi_res_permissions.group_receptionist,1,0,0,0
access_purchase_order_line_receptionist,purchase.order.line receptionist,purchase.model_purchase_order_line,izi_res_permissions.group_receptionist,1,0,0,0
access_partner_interaction_receptionist,partner.interaction receptionist,izi_crm_interaction.model_partner_interaction,izi_res_permissions.group_receptionist,1,0,0,0
access_product_service_remind_receptionist,product.service.remind receptionist,izi_crm_interaction.model_product_service_remind,izi_res_permissions.group_receptionist,1,0,0,0
access_pos_virtual_money_history_receptionist,pos.virtual.money.history receptionist,izi_virtual_money.model_pos_virtual_money_history,izi_res_permissions.group_receptionist,1,1,1,1
access_reception_customer_receptionist,reception.customer receptionist,izi_pos_crm.model_reception_customer,izi_res_permissions.group_receptionist,1,1,1,1
access_department_rate_receptionist,department.rate receptionist,izi_department_rate.model_department_rate,izi_res_permissions.group_receptionist,1,1,1,1
access_department_rate_line_receptionist,department.rate.line receptionist,izi_department_rate.model_department_rate_line,izi_res_permissions.group_receptionist,1,1,1,1
access_therapy_record_receptionist,therapy.record receptionist,izi_therapy_record.model_therapy_record,izi_res_permissions.group_receptionist,1,1,1,1
access_therapy_record_product_receptionist,therapy.record.product receptionist,izi_therapy_record.model_therapy_record_product,izi_res_permissions.group_receptionist,1,1,1,1
access_activity_history_receptionist,activity.history receptionist,izi_crm_interaction.model_activity_history,izi_res_permissions.group_receptionist,1,1,1,1
access_therapy_body_measure_receptionist,therapy.body.measure receptionist,izi_therapy_record.model_therapy_body_measure,izi_res_permissions.group_receptionist,1,1,1,1
access_therapy_prescription_receptionist,therapy.prescription receptionist,izi_therapy_record.model_therapy_prescription,izi_res_permissions.group_receptionist,1,1,1,1
access_therapy_bundle_receptionist,therapy.bundle receptionist,izi_pos_bundle_therapy.model_therapy_bundle,izi_res_permissions.group_receptionist,1,1,1,1
access_body_area_receptionist,body.area receptionist,izi_therapy_record.model_body_area,izi_res_permissions.group_receptionist,1,1,1,1

access_izi_service_card_using_line_therapist,izi.service.card.using.line therapist,izi_manage_room.model_izi_service_card_using_line,izi_res_permissions.group_therapist,1,1,0,0
access_izi_service_card_using_therapist,izi.service.card.using therapist,pos_work_service_allocation.model_izi_service_card_using,izi_res_permissions.group_therapist,1,1,0,0
access_pos_session_therapist,pos.session therapist,point_of_sale.model_pos_session,izi_res_permissions.group_therapist,1,1,0,0
access_pos_config_therapist,pos.config therapist,point_of_sale.model_pos_config,izi_res_permissions.group_therapist,1,1,0,0
access_pos_user_material_therapist,pos.user.material therapist,izi_use_service_card.model_pos_user_material,izi_res_permissions.group_therapist,1,1,1,1
access_izi_images_therapist,izi.images therapist,izi_use_service_card.model_izi_images,izi_res_permissions.group_therapist,1,0,0,0
access_pos_payment_service_therapist,pos.payment.service therapist,pos_payment_multi_currency.model_pos_payment_service,izi_res_permissions.group_therapist,1,0,0,0
access_pos_work_service_allocation_therapist,pos.work.service.allocation therapist,pos_work_service_allocation.model_pos_work_service_allocation,izi_res_permissions.group_therapist,1,0,0,0
access_pos_work_service_allocation_line_therapist,pos.work.service.allocation.line therapist,pos_work_service_allocation.model_pos_work_service_allocation_line,izi_res_permissions.group_therapist,1,0,0,0
access_pos_service_bed_therapist,pos.service.bed therapist,izi_manage_room.model_pos_service_bed,izi_res_permissions.group_therapist,1,1,0,0
access_pos_service_room_therapist,pos.service.room therapist,izi_manage_room.model_pos_service_room,izi_res_permissions.group_therapist,1,1,0,0
access_product_delivery_line_therapist,product.delivery.line therapist,izi_product_in_out.model_product_delivery_line,izi_res_permissions.group_therapist,1,0,0,0
access_hr_job_therapist,hr.job therapist,hr.model_hr_job,izi_res_permissions.group_therapist,1,1,0,0
,,,,,,,
access_pos_money_leader_shop,pos.money leader shop,izi_pos_money.model_pos_money,izi_res_permissions.group_leader_shop,1,1,1,1
access_pos_money_line_leader_shop,pos.money.line leader shop,izi_pos_money.model_pos_money_line,izi_res_permissions.group_leader_shop,1,1,1,1
access_pos_work_service_allocation_line_leader_shop,pos.work.service.allocation.line leader shop,pos_work_service_allocation.model_pos_work_service_allocation_line,izi_res_permissions.group_leader_shop,1,1,1,1
access_pos_change_payment_leader_shop,pos.change.payment leader shop,izi_pos_change_payment.model_pos_change_payment,izi_res_permissions.group_leader_shop,1,1,1,1
access_account_cash_leader_shop,account.cash leader shop,cash_management.model_account_cash,izi_res_permissions.group_leader_shop,1,1,1,1
access_account_cash_line_leader_shop,account.cash.line leader shop,cash_management.model_account_cash_line,izi_res_permissions.group_leader_shop,1,1,1,1
access_partner_interaction_leader,partner.interaction leader,izi_crm_interaction.model_partner_interaction,izi_res_permissions.group_leader_shop,1,1,1,1
access_product_service_remind_leader,product.service.remind leader,izi_crm_interaction.model_product_service_remind,izi_res_permissions.group_leader_shop,1,1,1,1
,,,,,,,
access_therapy_record_doctor,therapy.record doctor,izi_therapy_record.model_therapy_record,izi_res_permissions.group_doctor,1,1,1,1
access_body_area_doctor,body.area doctor,izi_therapy_record.model_body_area,izi_res_permissions.group_doctor,1,1,1,1
access_therapy_body_measure_doctor,therapy.body.measure doctor,izi_therapy_record.model_therapy_body_measure,izi_res_permissions.group_doctor,1,1,1,1
access_therapy_prescription_doctor,therapy.prescription doctor,izi_therapy_record.model_therapy_prescription,izi_res_permissions.group_doctor,1,1,1,1
access_therapy_prescription_line_doctor,therapy.prescription.line doctor,izi_therapy_record.model_therapy_prescription_line,izi_res_permissions.group_doctor,1,1,1,1
access_therapy_record_product_doctor,therapy.record.product doctor,izi_therapy_record.model_therapy_record_product,izi_res_permissions.group_doctor,1,1,1,1
access_therapy_bundle_doctor,therapy.bundle doctor,izi_pos_bundle_therapy.model_therapy_bundle,izi_res_permissions.group_doctor,1,1,0,0
access_therapy_bundle_line_doctor,therapy.bundle.line doctor,izi_pos_bundle_therapy.model_therapy_bundle_line,izi_res_permissions.group_doctor,1,1,0,0
access_izi_service_card_using_doctor,izi.service.card.using doctor,izi_use_service_card.model_izi_service_card_using,izi_res_permissions.group_doctor,1,1,1,1
access_izi_service_card_using_line_doctor,izi.service.card.using.line doctor,izi_use_service_card.model_izi_service_card_using_line,izi_res_permissions.group_doctor,1,1,1,1
access_resource_resource_doctor,resource.resource doctor,resource.model_resource_resource,izi_res_permissions.group_doctor,1,1,1,1
access_pos_session_doctor,pos.session doctor,point_of_sale.model_pos_session,izi_res_permissions.group_doctor,1,0,0,0
access_stock_picking_doctor,stock.picking doctor,stock.model_stock_picking,izi_res_permissions.group_doctor,1,1,1,1
access_stock_move_doctor,stock.move doctor,stock.model_stock_move,izi_res_permissions.group_doctor,1,1,1,1
access_pos_service_bed_doctor,pos.service.bed doctor,izi_manage_room.model_pos_service_bed,izi_res_permissions.group_doctor,1,1,1,1
access_pos_config_doctor,pos.config doctor,point_of_sale.model_pos_config,izi_res_permissions.group_doctor,1,1,1,1
access_pos_service_room_doctor,pos.service.room doctor,izi_manage_room.model_pos_service_room,izi_res_permissions.group_doctor,1,1,1,1
access_res_brand_doctor,res.brand doctor,izi_brand.model_res_brand,izi_res_permissions.group_doctor,1,1,1,1
access_pos_user_material_doctor,pos.user.material doctor,izi_use_service_card.model_pos_user_material,izi_res_permissions.group_doctor,1,0,0,0
access_izi_images_doctor,izi.images doctor,izi_use_service_card.model_izi_images,izi_res_permissions.group_doctor,1,0,0,0
access_pos_payment_service_doctor,pos.payment.service doctor,pos_payment_multi_currency.model_pos_payment_service,izi_res_permissions.group_doctor,1,0,0,0
access_pos_work_service_allocation_line_doctor,pos.work.service.allocation.line doctor,pos_work_service_allocation.model_pos_work_service_allocation_line,izi_res_permissions.group_doctor,1,0,0,0
access_partner_interaction_doctor,partner.interaction doctor,izi_crm_interaction.model_partner_interaction,izi_res_permissions.group_doctor,1,1,0,0
access_therapy_prescription_return_product_line_doctor,therapy.prescription.return.product.line doctor,izi_therapy_record.model_therapy_prescription_return_product_line,izi_res_permissions.group_doctor,1,1,1,1
access_therapy_prescription_return_product_doctor,therapy.prescription.return.product doctor,izi_therapy_record.model_therapy_prescription_return_product,izi_res_permissions.group_doctor,1,1,1,1
access_service_booking_doctor,service.booking doctor,izi_crm_booking.model_service_booking,izi_res_permissions.group_doctor,1,1,1,1
access_crm_claim_doctor,crm.claim doctor,izi_crm_claim.model_crm_claim,izi_res_permissions.group_doctor,1,1,1,1


,,,,,,,
access_izi_service_card_using_line_scan_barcode,izi.service.card.using.line scan_barcode,izi_use_service_card.model_izi_service_card_using_line,izi_scan_barcode.group_scan_barcode,1,1,1,1
access_izi_service_card_using_scan_barcode,izi.service.card.using scan_barcode,izi_use_service_card.model_izi_service_card_using,izi_scan_barcode.group_scan_barcode,1,1,1,1
access_pos_service_bed_scan_barcode,pos.service.bed scan_barcode,izi_manage_room.model_pos_service_bed,izi_scan_barcode.group_scan_barcode,1,1,1,1
access_pos_service_room_scan_barcode,pos.service.room scan_barcode,izi_manage_room.model_pos_service_room,izi_scan_barcode.group_scan_barcode,1,1,1,1
access_therapy_body_measure_scan_barcode,therapy.body.measure scan_barcode,izi_therapy_record.model_therapy_body_measure,izi_scan_barcode.group_scan_barcode,1,1,1,1
access_body_area_scan_barcode,body.area scan_barcode,izi_therapy_record.model_body_area,izi_scan_barcode.group_scan_barcode,1,1,1,1
access_therapy_record_scan_barcode,therapy.record scan_barcode,izi_therapy_record.model_therapy_record,izi_scan_barcode.group_scan_barcode,1,1,1,1
,,,,,,,
access_crm_lead_customer_care,crm.lead customer_care,crm.model_crm_lead,izi_res_permissions.group_customer_care,1,1,1,1
access_izi_crm_lead_quotes_customer_care,izi.crm.lead.quotes customer_care,izi_crm_lead.model_izi_crm_lead_quotes,izi_res_permissions.group_customer_care,1,1,1,1
access_crm_stage_customer_care,crm.stage customer_care,crm.model_crm_stage,izi_res_permissions.group_customer_care,1,1,1,1
access_service_booking_customer_care,service.booking customer_care,izi_crm_booking.model_service_booking,izi_res_permissions.group_customer_care,1,1,1,1
access_res_partner_customer_care,res.partner customer_care,mail.model_res_partner,izi_res_permissions.group_customer_care,1,1,1,1
access_crm_claim_customer_care,crm.claim customer_care,izi_crm_claim.model_crm_claim,izi_res_permissions.group_customer_care,1,1,1,1
access_crm_claim_type_customer_care,crm.claim.type customer_care,izi_crm_claim.model_crm_claim_type,izi_res_permissions.group_customer_care,1,1,1,1
access_partner_interaction_customer_care,partner.interaction customer_care,izi_crm_interaction.model_partner_interaction,izi_res_permissions.group_customer_care,1,1,1,1
access_activity_history_customer_care,activity.history customer_care,izi_crm_interaction.model_activity_history,izi_res_permissions.group_customer_care,1,1,1,1
access_therapy_record_customer_care,therapy.record customer_care,izi_therapy_record.model_therapy_record,izi_res_permissions.group_customer_care,1,1,1,1
access_therapy_body_measure_customer_care,therapy.body.measure customer_care,izi_therapy_record.model_therapy_body_measure,izi_res_permissions.group_customer_care,1,1,1,1
access_therapy_prescription_customer_care,therapy.prescription customer_care,izi_therapy_record.model_therapy_prescription,izi_res_permissions.group_customer_care,1,1,1,1
access_therapy_bundle_customer_care,therapy.bundle customer_care,izi_pos_bundle_therapy.model_therapy_bundle,izi_res_permissions.group_customer_care,1,1,1,1
access_therapy_record_product_customer_care,therapy.record.product customer_care,izi_therapy_record.model_therapy_record_product,izi_res_permissions.group_customer_care,1,1,1,1
access_pos_session_customer_care,pos.session customer_care,point_of_sale.model_pos_session,izi_res_permissions.group_customer_care,1,0,0,0
access_product_category_remind_customer_care,product.category.remind customer_care,izi_crm_interaction.model_product_category_remind,izi_res_permissions.group_customer_care,1,1,1,1
access_pos_order_customer_care,pos.order customer_care,izi_pos_custom_backend.model_pos_order,izi_res_permissions.group_customer_care,1,1,1,1
access_pos_config_customer_care,pos.config customer_care,izi_pos_custom_backend.model_pos_config,izi_res_permissions.group_customer_care,1,0,0,0
access_pos_revenue_allocation_customer_care,pos.revenue.allocation customer_care,pos_revenue_allocation.model_pos_revenue_allocation,izi_res_permissions.group_customer_care,1,0,0,0
access_pos_customer_deposit_line_customer_care,pos.customer.deposit.line customer_care,pos_customer_deposit.model_pos_customer_deposit_line,izi_res_permissions.group_customer_care,1,0,0,0
access_pos_customer_deposit_customer_care,pos.customer.deposit customer_care,pos_customer_deposit.model_pos_customer_deposit,izi_res_permissions.group_customer_care,1,0,0,0
access_department_rate_line_customer_care,department.rate.line customer_care,izi_department_rate.model_department_rate_line,izi_res_permissions.group_customer_care,1,0,0,0
access_department_rate_customer_care,department.rate customer_care,izi_department_rate.model_department_rate,izi_res_permissions.group_customer_care,1,0,0,0
access_therapy_prescription_return_product_line_customer_care,therapy.prescription.return.product.line customer_care,izi_therapy_record.model_therapy_prescription_return_product_line,izi_res_permissions.group_customer_care,1,1,0,0
access_therapy_prescription_return_product_customer_care,therapy.prescription.return.product customer_care,izi_therapy_record.model_therapy_prescription_return_product,izi_res_permissions.group_customer_care,1,1,0,0


access_crm_lead_leader_customer_care,crm.lead leader_customer_care,crm.model_crm_lead,izi_res_permissions.group_leader_customer_care,1,1,1,1
access_izi_crm_lead_quotes_leader_customer_care,izi.crm.lead.quotes leader_customer_care,izi_crm_lead.model_izi_crm_lead_quotes,izi_res_permissions.group_leader_customer_care,1,1,1,1
access_crm_stage_leader_customer_care,crm.stage leader_customer_care,crm.model_crm_stage,izi_res_permissions.group_leader_customer_care,1,1,1,1
access_service_booking_leader_customer_care,service.booking leader_customer_care,izi_crm_booking.model_service_booking,izi_res_permissions.group_leader_customer_care,1,1,1,1
access_res_partner_leader_customer_care,res.partner leader_customer_care,mail.model_res_partner,izi_res_permissions.group_leader_customer_care,1,1,1,1
access_crm_claim_leader_customer_care,crm.claim leader_customer_care,izi_crm_claim.model_crm_claim,izi_res_permissions.group_leader_customer_care,1,1,1,1
access_crm_claim_type_leader_customer_care,crm.claim.type leader_customer_care,izi_crm_claim.model_crm_claim_type,izi_res_permissions.group_leader_customer_care,1,1,1,1
access_partner_interaction_leader_customer_care,partner.interaction leader_customer_care,izi_crm_interaction.model_partner_interaction,izi_res_permissions.group_leader_customer_care,1,1,1,1
access_activity_history_leader_customer_care,activity.history leader_customer_care,izi_crm_interaction.model_activity_history,izi_res_permissions.group_leader_customer_care,1,1,1,1
access_therapy_record_leader_customer_care,therapy.record leader_customer_care,izi_therapy_record.model_therapy_record,izi_res_permissions.group_leader_customer_care,1,1,1,1
access_therapy_body_measure_leader_customer_care,therapy.body.measure leader_customer_care,izi_therapy_record.model_therapy_body_measure,izi_res_permissions.group_leader_customer_care,1,1,1,1
access_therapy_prescription_leader_customer_care,therapy.prescription leader_customer_care,izi_therapy_record.model_therapy_prescription,izi_res_permissions.group_leader_customer_care,1,1,1,1
access_therapy_bundle_leader_customer_care,therapy.bundle leader_customer_care,izi_pos_bundle_therapy.model_therapy_bundle,izi_res_permissions.group_leader_customer_care,1,1,1,1
access_therapy_record_product_leader_customer_care,therapy.record.product leader_customer_care,izi_therapy_record.model_therapy_record_product,izi_res_permissions.group_leader_customer_care,1,1,1,1
access_pos_session_leader_customer_care,pos.session customer_care,point_of_sale.model_pos_session,izi_res_permissions.group_leader_customer_care,1,0,0,0
access_product_category_remind_leader_customer_care,product.category.remind leader_customer_care,izi_crm_interaction.model_product_category_remind,izi_res_permissions.group_leader_customer_care,1,1,1,1
access_pos_order_leader_customer_care,pos.order customer_care,izi_pos_custom_backend.model_pos_order,izi_res_permissions.group_leader_customer_care,1,1,1,1
access_pos_config_leader_customer_care,pos.config customer_care,izi_pos_custom_backend.model_pos_config,izi_res_permissions.group_leader_customer_care,1,0,0,0
access_pos_revenue_allocation_leader_customer_care,pos.revenue.allocation leader_customer_care,pos_revenue_allocation.model_pos_revenue_allocation,izi_res_permissions.group_leader_customer_care,1,0,0,0
access_pos_customer_deposit_line_leader_customer_care,pos.customer.deposit.line leader_customer_care,pos_customer_deposit.model_pos_customer_deposit_line,izi_res_permissions.group_leader_customer_care,1,0,0,0
access_pos_customer_deposit_leader_customer_care,pos.customer.deposit leader_customer_care,pos_customer_deposit.model_pos_customer_deposit,izi_res_permissions.group_leader_customer_care,1,0,0,0
access_department_rate_line_leader_customer_care,department.rate.line leader_customer_care,izi_department_rate.model_department_rate_line,izi_res_permissions.group_leader_customer_care,1,0,0,0
access_department_rate_leader_customer_care,department.rate leader_customer_care,izi_department_rate.model_department_rate,izi_res_permissions.group_leader_customer_care,1,0,0,0

,,,,,,,
access_product_name_set,product.name.set ,product_custom.model_product_name_set,,1,1,1,1
access_pos_debit_good_history,pos.debit.good.history ,izi_pos_debt_goods.model_pos_debit_good_history,,1,1,1,1



access_pos_debit_good_receptionist,pos.debit.good receptionist,pos_digital_sign_sum.model_pos_debit_good,izi_res_permissions.group_receptionist,1,1,0,0
access_pos_destroy_service_receptionist,pos.destroy.service receptionist,pos_digital_sign_sum.model_pos_destroy_service,izi_res_permissions.group_receptionist,1,1,1,1
access_izi_pos_exchange_service_receptionist,izi.pos.exchange.service receptionist,pos_digital_sign_sum.model_izi_pos_exchange_service,izi_res_permissions.group_receptionist,1,1,1,1
access_pos_sum_digital_sign_receptionist,pos.sum.digital.sign receptionist,pos_digital_sign_sum.model_pos_sum_digital_sign,izi_res_permissions.group_receptionist,1,1,1,1
access_pos_sum_digital_sign_inventory_accounting,pos.sum.digital.sign inventory_accounting,pos_digital_sign_sum.model_pos_sum_digital_sign,izi_res_permissions.group_inventory_accounting,1,1,1,1
access_pos_sum_digital_sign_inventory_accounting,pos.sum.digital.sign inventory_accounting,pos_digital_sign_sum.model_pos_sum_digital_sign,izi_res_permissions.group_inventory_accounting,1,0,0,0
access_pos_debit_good_inventory_accounting,pos.debit.good inventory_accounting,pos_digital_sign_sum.model_pos_debit_good,izi_res_permissions.group_inventory_accounting,1,0,0,0
access_pos_destroy_service_consultant,pos.destroy.service consultant,pos_digital_sign_sum.model_pos_destroy_service,izi_res_permissions.group_consultant,1,0,0,0
access_izi_pos_exchange_service_consultant,izi.pos.exchange.service consultant,pos_digital_sign_sum.model_izi_pos_exchange_service,izi_res_permissions.group_consultant,1,1,0,0
access_pos_debit_good_consultant,pos.debit.good consultant,pos_digital_sign_sum.model_pos_debit_good,izi_res_permissions.group_consultant,1,1,1,0
access_pos_sum_digital_sign_consultant,pos.sum.digital.sign consultant,pos_digital_sign_sum.model_pos_sum_digital_sign,izi_res_permissions.group_consultant,1,1,1,1
access_pos_destroy_service_cashier,pos.destroy.service cashier,pos_digital_sign_sum.model_pos_destroy_service,izi_res_permissions.group_cashier,1,1,1,1
access_izi_pos_exchange_service_cashier,izi.pos.exchange.service cashier,pos_digital_sign_sum.model_izi_pos_exchange_service,izi_res_permissions.group_cashier,1,1,1,1
access_pos_debit_good_cashier,pos.debit.good cashier,pos_digital_sign_sum.model_pos_debit_good,izi_res_permissions.group_cashier,1,1,1,0
access_pos_sum_digital_sign_cashier,pos.sum.digital.sign cashier,pos_digital_sign_sum.model_pos_sum_digital_sign,izi_res_permissions.group_cashier,1,1,1,1
access_pos_debit_good_receptionist,pos.debit.good receptionist,pos_digital_sign_sum.model_pos_debit_good,izi_res_permissions.group_receptionist,1,1,0,0
access_pos_destroy_service_receptionist,pos.destroy.service receptionist,pos_digital_sign_sum.model_pos_destroy_service,izi_res_permissions.group_receptionist,1,1,1,1
access_izi_pos_exchange_service_receptionist,izi.pos.exchange.service receptionist,pos_digital_sign_sum.model_izi_pos_exchange_service,izi_res_permissions.group_receptionist,1,1,1,1
access_pos_sum_digital_sign_receptionist,pos.sum.digital.sign receptionist,pos_digital_sign_sum.model_pos_sum_digital_sign,izi_res_permissions.group_receptionist,1,1,1,1
access_pos_sum_digital_sign_inventory_accounting,pos.sum.digital.sign inventory_accounting,pos_digital_sign_sum.model_pos_sum_digital_sign,izi_res_permissions.group_inventory_accounting,1,1,1,1
access_pos_sum_digital_sign_inventory_accounting,pos.sum.digital.sign inventory_accounting,pos_digital_sign_sum.model_pos_sum_digital_sign,izi_res_permissions.group_inventory_accounting,1,0,0,0
access_pos_debit_good_inventory_accounting,pos.debit.good inventory_accounting,pos_digital_sign_sum.model_pos_debit_good,izi_res_permissions.group_inventory_accounting,1,0,0,0
access_pos_destroy_service_consultant,pos.destroy.service consultant,pos_digital_sign_sum.model_pos_destroy_service,izi_res_permissions.group_consultant,1,0,0,0
access_izi_pos_exchange_service_consultant,izi.pos.exchange.service consultant,pos_digital_sign_sum.model_izi_pos_exchange_service,izi_res_permissions.group_consultant,1,1,0,0
access_pos_debit_good_consultant,pos.debit.good consultant,pos_digital_sign_sum.model_pos_debit_good,izi_res_permissions.group_consultant,1,1,1,0
access_pos_sum_digital_sign_consultant,pos.sum.digital.sign consultant,pos_digital_sign_sum.model_pos_sum_digital_sign,izi_res_permissions.group_consultant,1,1,1,1
access_pos_destroy_service_cashier,pos.destroy.service cashier,pos_digital_sign_sum.model_pos_destroy_service,izi_res_permissions.group_cashier,1,1,1,1
access_izi_pos_exchange_service_cashier,izi.pos.exchange.service cashier,pos_digital_sign_sum.model_izi_pos_exchange_service,izi_res_permissions.group_cashier,1,1,1,1
access_pos_debit_good_cashier,pos.debit.good cashier,pos_digital_sign_sum.model_pos_debit_good,izi_res_permissions.group_cashier,1,1,1,0
access_pos_sum_digital_sign_cashier,pos.sum.digital.sign cashier,pos_digital_sign_sum.model_pos_sum_digital_sign,izi_res_permissions.group_cashier,1,1,1,1
access_pos_debit_good_receptionist,pos.debit.good receptionist,pos_digital_sign_sum.model_pos_debit_good,izi_res_permissions.group_receptionist,1,1,0,0
access_pos_destroy_service_receptionist,pos.destroy.service receptionist,pos_digital_sign_sum.model_pos_destroy_service,izi_res_permissions.group_receptionist,1,1,1,1
access_izi_pos_exchange_service_receptionist,izi.pos.exchange.service receptionist,pos_digital_sign_sum.model_izi_pos_exchange_service,izi_res_permissions.group_receptionist,1,1,1,1
access_pos_sum_digital_sign_receptionist,pos.sum.digital.sign receptionist,pos_digital_sign_sum.model_pos_sum_digital_sign,izi_res_permissions.group_receptionist,1,1,1,1
access_pos_sum_digital_sign_inventory_accounting,pos.sum.digital.sign inventory_accounting,pos_digital_sign_sum.model_pos_sum_digital_sign,izi_res_permissions.group_inventory_accounting,1,1,1,1
access_pos_sum_digital_sign_inventory_accounting,pos.sum.digital.sign inventory_accounting,pos_digital_sign_sum.model_pos_sum_digital_sign,izi_res_permissions.group_inventory_accounting,1,0,0,0
access_pos_debit_good_inventory_accounting,pos.debit.good inventory_accounting,pos_digital_sign_sum.model_pos_debit_good,izi_res_permissions.group_inventory_accounting,1,0,0,0
access_pos_destroy_service_consultant,pos.destroy.service consultant,pos_digital_sign_sum.model_pos_destroy_service,izi_res_permissions.group_consultant,1,0,0,0
access_izi_pos_exchange_service_consultant,izi.pos.exchange.service consultant,pos_digital_sign_sum.model_izi_pos_exchange_service,izi_res_permissions.group_consultant,1,1,0,0
access_pos_debit_good_consultant,pos.debit.good consultant,pos_digital_sign_sum.model_pos_debit_good,izi_res_permissions.group_consultant,1,1,1,0
access_pos_sum_digital_sign_consultant,pos.sum.digital.sign consultant,pos_digital_sign_sum.model_pos_sum_digital_sign,izi_res_permissions.group_consultant,1,1,1,1
access_pos_destroy_service_cashier,pos.destroy.service cashier,pos_digital_sign_sum.model_pos_destroy_service,izi_res_permissions.group_cashier,1,1,1,1
access_izi_pos_exchange_service_cashier,izi.pos.exchange.service cashier,pos_digital_sign_sum.model_izi_pos_exchange_service,izi_res_permissions.group_cashier,1,1,1,1
access_pos_debit_good_cashier,pos.debit.good cashier,pos_digital_sign_sum.model_pos_debit_good,izi_res_permissions.group_cashier,1,1,1,0
access_pos_sum_digital_sign_cashier,pos.sum.digital.sign cashier,pos_digital_sign_sum.model_pos_sum_digital_sign,izi_res_permissions.group_cashier,1,1,1,1
access_pos_debit_good_receptionist,pos.debit.good receptionist,pos_digital_sign_sum.model_pos_debit_good,izi_res_permissions.group_receptionist,1,1,0,0
access_pos_destroy_service_receptionist,pos.destroy.service receptionist,pos_digital_sign_sum.model_pos_destroy_service,izi_res_permissions.group_receptionist,1,1,1,1
access_izi_pos_exchange_service_receptionist,izi.pos.exchange.service receptionist,pos_digital_sign_sum.model_izi_pos_exchange_service,izi_res_permissions.group_receptionist,1,1,1,1
access_pos_sum_digital_sign_receptionist,pos.sum.digital.sign receptionist,pos_digital_sign_sum.model_pos_sum_digital_sign,izi_res_permissions.group_receptionist,1,1,1,1
access_pos_sum_digital_sign_inventory_accounting,pos.sum.digital.sign inventory_accounting,pos_digital_sign_sum.model_pos_sum_digital_sign,izi_res_permissions.group_inventory_accounting,1,1,1,1
access_pos_sum_digital_sign_inventory_accounting,pos.sum.digital.sign inventory_accounting,pos_digital_sign_sum.model_pos_sum_digital_sign,izi_res_permissions.group_inventory_accounting,1,0,0,0
access_pos_debit_good_inventory_accounting,pos.debit.good inventory_accounting,pos_digital_sign_sum.model_pos_debit_good,izi_res_permissions.group_inventory_accounting,1,0,0,0
access_pos_destroy_service_consultant,pos.destroy.service consultant,pos_digital_sign_sum.model_pos_destroy_service,izi_res_permissions.group_consultant,1,0,0,0
access_izi_pos_exchange_service_consultant,izi.pos.exchange.service consultant,pos_digital_sign_sum.model_izi_pos_exchange_service,izi_res_permissions.group_consultant,1,1,0,0
access_pos_debit_good_consultant,pos.debit.good consultant,pos_digital_sign_sum.model_pos_debit_good,izi_res_permissions.group_consultant,1,1,1,0
access_pos_sum_digital_sign_consultant,pos.sum.digital.sign consultant,pos_digital_sign_sum.model_pos_sum_digital_sign,izi_res_permissions.group_consultant,1,1,1,1
access_pos_destroy_service_cashier,pos.destroy.service cashier,pos_digital_sign_sum.model_pos_destroy_service,izi_res_permissions.group_cashier,1,1,1,1
access_izi_pos_exchange_service_cashier,izi.pos.exchange.service cashier,pos_digital_sign_sum.model_izi_pos_exchange_service,izi_res_permissions.group_cashier,1,1,1,1
access_pos_debit_good_cashier,pos.debit.good cashier,pos_digital_sign_sum.model_pos_debit_good,izi_res_permissions.group_cashier,1,1,1,0
access_pos_sum_digital_sign_cashier,pos.sum.digital.sign cashier,pos_digital_sign_sum.model_pos_sum_digital_sign,izi_res_permissions.group_cashier,1,1,1,1
access_pos_sum_digital_sign_cashier,pos.sum.digital.sign cashier,pos_digital_sign_sum.model_pos_sum_digital_sign,izi_res_permissions.group_cashier,1,1,1,1
access_therapy_prescription_return_product_line_cashier,therapy.prescription.return.product.line cashier,izi_therapy_record.model_therapy_prescription_return_product_line,izi_res_permissions.group_cashier,1,1,0,0
access_therapy_prescription_return_product_cashier,therapy.prescription.return.product cashier,izi_therapy_record.model_therapy_prescription_return_product,izi_res_permissions.group_cashier,1,1,0,0



access_izi_crm_lead_quotes_social_network_administrator,izi.crm.lead.quotes social_network_administrator,izi_crm_lead.model_izi_crm_lead_quotes,izi_res_permissions.group_social_network_administrator,1,1,1,1
access_izi_crm_lead_social_network_administrator,izi.crm.lead social_network_administrator,izi_crm_lead.model_crm_lead,izi_res_permissions.group_social_network_administrator,1,1,1,1
access_pos_order_social_network_administrator,pos.order social_network_administrator,izi_pos_custom_backend.model_pos_order,izi_res_permissions.group_social_network_administrator,1,0,0,0
access_izi_crm_lead_quotes_leader_social_network_administrator,izi.crm.lead.quotes leader_social_network_administrator,izi_crm_lead.model_izi_crm_lead_quotes,izi_res_permissions.group_leader_social_network_administrator,1,1,1,1
access_izi_crm_lead_leader_social_network_administrator,izi.crm.lead leader_social_network_administrator,izi_crm_lead.model_crm_lead,izi_res_permissions.group_leader_social_network_administrator,1,1,1,1
access_pos_order_leader_social_network_administrator,pos.order leader_social_network_administrator,izi_pos_custom_backend.model_pos_order,izi_res_permissions.group_leader_social_network_administrator,1,0,0,0


access_izi_crm_lead_quotes_telesales,izi.crm.lead.quotes telesales,izi_crm_lead.model_izi_crm_lead_quotes,izi_res_permissions.group_telesales,1,1,1,1
access_izi_crm_lead_telesales,izi.crm.lead telesales,izi_crm_lead.model_crm_lead,izi_res_permissions.group_telesales,1,1,1,1
access_pos_order_telesales,pos.order telesales,izi_pos_custom_backend.model_pos_order,izi_res_permissions.group_telesales,1,0,0,0
access_hr_job_telesales,hr.job telesales,hr_custom.model_hr_job,izi_res_permissions.group_telesales,1,0,0,0
access_crm_stage_telesales,crm.stage telesales,izi_crm_lead.model_crm_stage,izi_res_permissions.group_telesales,1,1,0,0
access_pos_order_telesales,pos.order telesales,izi_pos_custom_backend.model_pos_order,izi_res_permissions.group_telesales,1,0,0,0
access_partner_interaction_telesales,partner.interaction telesales,izi_crm_interaction.model_partner_interaction,izi_res_permissions.group_telesales,1,1,1,1
access_activity_history_telesales,activity.history telesales,izi_crm_interaction.model_activity_history,izi_res_permissions.group_telesales,1,1,1,1
access_crm_claim_telesales,crm.claim telesales,izi_crm_claim.model_crm_claim,izi_res_permissions.group_telesales,1,1,1,1
access_pos_config_telesales,pos.config telesales,izi_pos_custom_backend.model_pos_config,izi_res_permissions.group_telesales,1,0,0,0



access_hr_job_leader_telesales,hr.job leader_telesales,hr_custom.model_hr_job,izi_res_permissions.group_leader_telesales,1,0,0,0
access_crm_stage_leader_telesales,crm.stage leader_telesales,izi_crm_lead.model_crm_stage,izi_res_permissions.group_leader_telesales,1,1,0,0
access_pos_config_leader_telesales,pos.config leader_telesales,izi_pos_custom_backend.model_pos_config,izi_res_permissions.group_leader_telesales,1,0,0,0
access_pos_order_leader_telesales,pos.order leader_telesales,izi_pos_custom_backend.model_pos_order,izi_res_permissions.group_leader_telesales,1,0,0,0
access_izi_crm_lead_quotes_leader_telesales,izi.crm.lead.quotes leader_telesales,izi_crm_lead.model_izi_crm_lead_quotes,izi_res_permissions.group_leader_telesales,1,1,1,1
access_izi_crm_lead_leader_telesales,izi.crm.lead leader_telesales,izi_crm_lead.model_crm_lead,izi_res_permissions.group_leader_telesales,1,1,1,1
access_pos_order_leader_telesales,pos.order leader_telesales,izi_pos_custom_backend.model_pos_order,izi_res_permissions.group_leader_telesales,1,0,0,0
access_partner_interaction_leader_telesales,partner.interaction leader_telesales,izi_crm_interaction.model_partner_interaction,izi_res_permissions.group_leader_telesales,1,1,1,1
access_activity_history_leader_telesales,activity.history leader_telesales,izi_crm_interaction.model_activity_history,izi_res_permissions.group_leader_telesales,1,1,1,1
access_crm_claim_leader_telesales,crm.claim leader_telesales,izi_crm_claim.model_crm_claim,izi_res_permissions.group_leader_telesales,1,1,1,1



access_product_category_consultant,product.category consultant,izi_crm_interaction.model_product_category,izi_res_permissions.group_consultant,1,1,1,1
access_hr_job_social_network_administrator,hr.job social_network_administrator,hr_custom.model_hr_job,izi_res_permissions.group_social_network_administrator,1,0,0,0
access_crm_stage_social_network_administrator,crm.stage social_network_administrator,izi_crm_lead.model_crm_stage,izi_res_permissions.group_social_network_administrator,1,0,0,0
access_pos_config_social_network_administrator,pos.config social_network_administrator,izi_pos_custom_backend.model_pos_config,izi_res_permissions.group_social_network_administrator,1,0,0,0
access_hr_job_leader_social_network_administrator,hr.job leader_social_network_administrator,hr_custom.model_hr_job,izi_res_permissions.group_leader_social_network_administrator,1,1,0,0
access_crm_stage_leader_social_network_administrator,crm.stage leader_social_network_administrator,izi_crm_lead.model_crm_stage,izi_res_permissions.group_leader_social_network_administrator,1,1,0,0
access_pos_config_leader_social_network_administrator,pos.config leader_social_network_administrator,izi_pos_custom_backend.model_pos_config,izi_res_permissions.group_leader_social_network_administrator,1,0,0,0


access_res_partner_leader_accountant,res.partner leader_accountant,mail.model_res_partner,izi_res_permissions.group_leader_accountant,1,1,1,1
access_account_invoice_leader_accountant,account.invoice leader_accountant,izi_pos_custom_backend.model_account_invoice,izi_res_permissions.group_leader_accountant,1,0,0,0
access_pos_money_leader_accountant,pos.money leader_accountant,izi_pos_money.model_pos_money,izi_res_permissions.group_leader_accountant,1,1,1,1
access_pos_money_line_leader_accountant,pos.money.line leader_accountant,izi_pos_money.model_pos_money_line,izi_res_permissions.group_leader_accountant,1,1,1,1
access_pos_revenue_allocation_leader_accountant,pos.revenue.allocation leader_accountant,pos_revenue_allocation.model_pos_revenue_allocation,izi_res_permissions.group_leader_accountant,1,1,1,1
access_pos_revenue_allocation_line_leader_accountant,pos.revenue.allocation.line leader_accountant,pos_revenue_allocation.model_pos_revenue_allocation_line,izi_res_permissions.group_leader_accountant,1,1,1,1
access_pos_destroy_service_leader_accountant,pos.destroy.service leader_accountant,pos_destroy_service.model_pos_destroy_service,izi_res_permissions.group_leader_accountant,1,0,0,0
access_pos_work_service_allocation_leader_accountant,pos.work.service.allocation leader_accountant,pos_work_service_allocation.model_pos_work_service_allocation,izi_res_permissions.group_leader_accountant,1,0,0,0
access_pos_work_service_allocation_line_leader_accountant,pos.work.service.allocation.line leader_accountant,pos_work_service_allocation.model_pos_work_service_allocation_line,izi_res_permissions.group_leader_accountant,1,0,0,0
access_scan_barcode_izi_service_card_using_line_leader_accountant,scan.barcode.izi.service.card.using.line leader_accountant,izi_scan_barcode.model_scan_barcode_izi_service_card_using_line,izi_res_permissions.group_leader_accountant,1,0,0,0
access_account_cash_leader_accountant,account.cash leader_accountant,cash_management.model_account_cash,izi_res_permissions.group_leader_accountant,1,1,1,1
access_account_cash_line_leader_accountant,account.cash.line leader_accountant,cash_management.model_account_cash_line,izi_res_permissions.group_leader_accountant,1,1,1,1
access_pos_customer_deposit_line_leader_accountant,pos.customer.deposit.line leader_accountant,pos_customer_deposit.model_pos_customer_deposit_line,izi_res_permissions.group_leader_accountant,1,1,1,1
access_pos_customer_deposit_leader_accountant,pos.customer.deposit leader_accountant,pos_customer_deposit.model_pos_customer_deposit,izi_res_permissions.group_leader_accountant,1,1,1,1
access_refund_invoice_make_payment_leader_accountant,refund.invoice.make.payment leader_accountant,izi_pos_refund_invoice_make_paymnet.model_refund_invoice_make_payment,izi_res_permissions.group_leader_accountant,1,1,1,1
access_department_rate_line_leader_accountant,department.rate.line leader_accountant,izi_department_rate.model_department_rate_line,izi_res_permissions.group_leader_accountant,1,1,1,1
access_department_rate_leader_accountant,department.rate leader_accountant,izi_department_rate.model_department_rate,izi_res_permissions.group_leader_accountant,1,1,1,1
access_stock_inventory_customer_update_leader_accountant,stock.inventory.customer.update leader_accountant,stock_inventory_customer.model_stock_inventory_customer_update,izi_res_permissions.group_leader_accountant,1,1,1,1
access_stock_inventory_customer_update_coin_leader_accountant,stock.inventory.customer.update.coin leader_accountant,stock_inventory_customer.model_stock_inventory_customer_update_coin,izi_res_permissions.group_leader_accountant,1,0,0,0
access_stock_inventory_customer_update_money_leader_accountant,stock.inventory.customer.update.money leader_accountant,stock_inventory_customer.model_stock_inventory_customer_update_money,izi_res_permissions.group_leader_accountant,1,0,0,0
access_stock_inventory_customer_update_product_leader_accountant,stock.inventory.customer.update.product leader_accountant,stock_inventory_customer.model_stock_inventory_customer_update_product,izi_res_permissions.group_leader_accountant,1,0,0,0
access_stock_inventory_customer_update_therapy_leader_accountant,stock.inventory.customer.update.therapy leader_accountant,stock_inventory_customer.model_stock_inventory_customer_update_therapy,izi_res_permissions.group_leader_accountant,1,0,0,0
access_adjust_inventory_customer_leader_accountant,adjust.inventory.customer leader_accountant,adjust_inventory_customer.model_adjust_inventory_customer,izi_res_permissions.group_leader_accountant,1,0,0,0
access_adjust_inventory_customer_coin_leader_accountant,adjust.inventory.customer.coin leader_accountant,adjust_inventory_customer.model_adjust_inventory_customer_coin,izi_res_permissions.group_leader_accountant,1,0,0,0
access_adjust_inventory_customer_debit_leader_accountant,adjust.inventory.customer.debit leader_accountant,adjust_inventory_customer.model_adjust_inventory_customer_debit,izi_res_permissions.group_leader_accountant,1,0,0,0
access_adjust_inventory_customer_deposit_leader_accountant,adjust.inventory.customer.deposit leader_accountant,adjust_inventory_customer.model_adjust_inventory_customer_deposit,izi_res_permissions.group_leader_accountant,1,0,0,0
access_adjust_inventory_customer_service_leader_accountant,adjust.inventory.customer.service leader_accountant,adjust_inventory_customer.model_adjust_inventory_customer_service,izi_res_permissions.group_leader_accountant,1,0,0,0



access_izi_service_card_using_line_cashier,izi.service.card.using.line cashier,izi_manage_room.model_izi_service_card_using_line,izi_res_permissions.group_cashier,1,1,1,1
access_pos_service_room_cashier,pos.service.room cashier,izi_manage_room.model_pos_service_room,izi_res_permissions.group_cashier,1,1,1,1
access_pos_work_service_allocation_cashier,pos.work.service.allocation cashier,pos_work_service_allocation.model_pos_work_service_allocation,izi_res_permissions.group_cashier,1,1,1,1
access_pos_work_service_allocation_line_cashier,pos.work.service.allocation.line cashier,pos_work_service_allocation.model_pos_work_service_allocation_line,izi_res_permissions.group_cashier,1,1,1,1
access_scan_barcode_izi_service_card_using_line_cashier,scan.barcode.izi.service.card.using.line cashier,izi_scan_barcode.model_scan_barcode_izi_service_card_using_line,izi_res_permissions.group_cashier,1,1,1,1
access_account_cash_cashier,account.cash cashier,cash_management.model_account_cash,izi_res_permissions.group_cashier,1,1,1,1
access_account_cash_line_cashier,account.cash.line cashier,cash_management.model_account_cash_line,izi_res_permissions.group_cashier,1,1,1,1
access_department_rate_line_cashier,department.rate.line cashier,izi_department_rate.model_department_rate_line,izi_res_permissions.group_cashier,1,1,1,1
access_department_rate_cashier,department.rate cashier,izi_department_rate.model_department_rate,izi_res_permissions.group_cashier,1,1,1,1
access_stock_inventory_customer_update_cashier,stock.inventory.customer.update leader_accountant,stock_inventory_customer.model_stock_inventory_customer_update,izi_res_permissions.group_cashier,1,1,1,1
access_stock_inventory_customer_update_coin_cashier,stock.inventory.customer.update.coin cashier,stock_inventory_customer.model_stock_inventory_customer_update_coin,izi_res_permissions.group_cashier,1,1,1,1
access_stock_inventory_customer_update_money_cashier,stock.inventory.customer.update.money cashier,stock_inventory_customer.model_stock_inventory_customer_update_money,izi_res_permissions.group_cashier,1,1,1,1
access_stock_inventory_customer_update_product_cashier,stock.inventory.customer.update.product cashier,stock_inventory_customer.model_stock_inventory_customer_update_product,izi_res_permissions.group_cashier,1,1,1,1
access_stock_inventory_customer_update_therapy_cashier,stock.inventory.customer.update.therapy cashier,stock_inventory_customer.model_stock_inventory_customer_update_therapy,izi_res_permissions.group_cashier,1,1,1,1
access_adjust_inventory_customer_cashier,adjust.inventory.customer cashier,adjust_inventory_customer.model_adjust_inventory_customer,izi_res_permissions.group_cashier,1,1,1,1
access_adjust_inventory_customer_coin_cashier,adjust.inventory.customer.coin cashier,adjust_inventory_customer.model_adjust_inventory_customer_coin,izi_res_permissions.group_cashier,1,1,1,1
access_adjust_inventory_customer_debit_cashier,adjust.inventory.customer.debit cashier,adjust_inventory_customer.model_adjust_inventory_customer_debit,izi_res_permissions.group_cashier,1,1,1,1
access_adjust_inventory_customer_deposit_cashier,adjust.inventory.customer.deposit cashier,adjust_inventory_customer.model_adjust_inventory_customer_deposit,izi_res_permissions.group_cashier,1,1,1,1
access_adjust_inventory_customer_service_cashier,adjust.inventory.customer.service cashier,adjust_inventory_customer.model_adjust_inventory_customer_service,izi_res_permissions.group_cashier,1,1,1,1



